Participant_ID,Control_Base,Control_PPES,Trust_Base,Trust_PPES,Disruption_PPES,Comfort_PPES,SUS
P1,3,6,4,6,5,6,80
P2,3,6,4,6,5,5,78
P3,4,5,4,5,4,5,80
P4,3,6,4,6,5,5,79
P5,3,6,4,5,5,6,80
P6,3,6,4,5,4,5,78
P7,3,6,4,6,5,5,80
,,5.857142857,,5.571428571,4.714285714,5.285714286,79.28571429
